{
  "centroids_ATN": [
    [
      1.6151991101599041,
      1.2579159757852043,
      0.8510541290497623
    ],
    [
      1.8177304859234777,
      1.3289750372944036,
      0.8508635251549962
    ],
    [
      2.0922176812085675,
      2.3077845619182282,
      0.7833046762722851
    ],
    [
      1.4621173771266514,
      1.2498675673689301,
      1.0885664158671309
    ],
    [
      2.061228492296706,
      1.474330647397678,
      0.8310298439181983
    ]
  ],
  "severity": [
    3.7241692149948706,
    3.9975690483728776,
    5.183306919399081,
    3.8005513603627126,
    4.366588983612583
  ],
  "cluster_order": [
    0,
    3,
    1,
    4,
    2
  ],
  "stage5_by_cluster": [
    "CN",
    "LEMCI",
    "SMC",
    "AD",
    "EMCI"
  ]
}