{
  "label_column": "stage3",
  "classes": [
    "CN",
    "MCI",
    "AD"
  ],
  "n_samples": 270,
  "models": {
    "logistic_regression": {
      "name": "logistic_regression",
      "accuracy_train": 0.7962962962962963,
      "accuracy_test": 0.8518518518518519,
      "macro_precision_test": 0.7435897435897436,
      "macro_recall_test": 0.9004761904761905,
      "macro_f1_test": 0.7937545388525781,
      "per_class": {
        "CN": {
          "precision": 0.8846153846153846,
          "recall": 0.8214285714285714,
          "f1": 0.8518518518518519,
          "support": 28
        },
        "MCI": {
          "precision": 0.8461538461538461,
          "recall": 0.88,
          "f1": 0.8627450980392157,
          "support": 25
        },
        "AD": {
          "precision": 0.5,
          "recall": 1.0,
          "f1": 0.6666666666666666,
          "support": 1
        }
      },
      "confusion_matrix_test": [
        [
          23,
          4,
          1
        ],
        [
          3,
          22,
          0
        ],
        [
          0,
          0,
          1
        ]
      ],
      "class_order": [
        "CN",
        "MCI",
        "AD"
      ]
    },
    "random_forest": {
      "name": "random_forest",
      "accuracy_train": 1.0,
      "accuracy_test": 0.9259259259259259,
      "macro_precision_test": 0.6172161172161172,
      "macro_recall_test": 0.6295238095238095,
      "macro_f1_test": 0.623249299719888,
      "per_class": {
        "CN": {
          "precision": 0.9285714285714286,
          "recall": 0.9285714285714286,
          "f1": 0.9285714285714286,
          "support": 28
        },
        "MCI": {
          "precision": 0.9230769230769231,
          "recall": 0.96,
          "f1": 0.9411764705882353,
          "support": 25
        },
        "AD": {
          "precision": 0.0,
          "recall": 0.0,
          "f1": 0.0,
          "support": 1
        }
      },
      "confusion_matrix_test": [
        [
          26,
          2,
          0
        ],
        [
          1,
          24,
          0
        ],
        [
          1,
          0,
          0
        ]
      ],
      "class_order": [
        "CN",
        "MCI",
        "AD"
      ],
      "feature_importance": {
        "features": [
          "A",
          "T",
          "N"
        ],
        "importance": [
          0.45229078632581216,
          0.26752028488418644,
          0.2801889287900014
        ]
      }
    }
  }
}